Word,Count
*,16
,9
the,4
},4
{,4
=,4
methods,3
index,3
list.locationToIndex(evt.getPoint());,3
int,3
설정,3
프로젝트,2
private,2
셋팅,2
설정(왼쪽거),2
application,2
연동,2
list,2
스크롤,2
void,2
frame,2
Create,2
Launch,2
리스트,2
가로바정책,2
DB,2
\"\\,1
});,1
DragGestureListener,1
액션,1
클릭되었을,1
멤버,1
내용,1
2),1
\setIconImage(Toolkit.getDefaultToolkit().getImage("\image\\Icon.jpg"\));\,1
버튼,1
calendar.get(Calendar.MONTH),1
method,1
LB_LoginState;,1
때,1
Calendar.TaskPanel;,1
(JList)evt.getSource();,1
\System.out.println("\index:\,1
\"\){\,1
정보,1
e),1
아이디중복확인,1
isID),1
보이기,1
!=,1
이벤트리스너,1
\tb_dateView.getSelectedColumn()).toString().trim()),\,1
안함,1
입력,1
==,1
PN_PJdetail,1
+,1
리스트가,1
생성,1
@Override,1
Transferable,1
tb_dateView.addMouseListener(new,1
로그인,1
memlistModel.removeAllElements();,1
경계,1
start,1
repaint();,1
PW출력,1
evt),1
calendar.get(Calendar.YEAR));,1
\"\+index);\,1
JList,1
public,1
창,1
크기,1
tb_dateView.getSelectedColumn()),1
if,1
ID,1
11/15,1
실행,1
jListNicknamesMouseClicked(java.awt.event.MouseEvent,1
import,1
(evt.getClickCount(),1
\TaskPanel.showTask(Integer.parseInt(dtm_dateTable.getValueAt(tb_dateView.getSelectedRow(),\,1
미입력,1
\1,\,1
한기훈,1
DropTargetListener,1
끄기,1
\if(dtm_dateTable.getValueAt(tb_dateView.getSelectedRow(),\,1
장착,1
mouseClicked(MouseEvent,1
DragSourceListener,1
System.out.println(list.getSelectedValue());,1
JLabel,1
MouseAdapter(),1
프로젝트명,1
program,1
